img_name,label,number
2020.01.24.919183-p27-132.png,0,1
2020.01.24.919183-p27-133.png,0,2
2020.01.24.919183-p27-134.png,0,3
2020.01.24.919183-p27-135.png,0,4
2020.02.10.20021584-p6-52%0.png,0,5
2020.02.10.20021584-p6-52%1.png,0,6
2020.02.10.20021584-p6-52%10.png,0,7
2020.02.10.20021584-p6-52%11.png,0,8
2020.02.10.20021584-p6-52%12.png,0,9
2020.02.10.20021584-p6-52%13.png,0,10
2020.02.10.20021584-p6-52%14.png,0,11
2020.02.10.20021584-p6-52%15.png,0,12
2020.02.10.20021584-p6-52%2.png,0,13
2020.02.10.20021584-p6-52%3.png,0,14
2020.02.10.20021584-p6-52%4.png,0,15
2020.02.10.20021584-p6-52%5.png,0,16
2020.02.10.20021584-p6-52%6.png,0,17
2020.02.10.20021584-p6-52%7.png,0,18
2020.02.10.20021584-p6-52%8.png,0,19
2020.02.10.20021584-p6-52%9.png,0,20
2020.02.11.20021493-p16-109%0.png,0,21
2020.02.11.20021493-p16-109%1.png,0,22
2020.02.11.20021493-p16-109%2.png,0,23
2020.02.11.20022053-p12-67%0.png,0,24
2020.02.11.20022053-p12-67%1.png,0,25
2020.02.11.20022053-p12-67%2.png,0,26
2020.02.11.20022053-p12-67%3.png,0,27
2020.02.13.20022673-p13-77%0.png,0,28
2020.02.13.20022673-p13-77%1.png,0,29
2020.02.13.20022673-p13-77%2.png,0,30
2020.02.17.20024018-p17-61%0.png,0,31
2020.02.17.20024018-p17-61%1.png,0,32
2020.02.17.20024018-p17-61%2.png,0,33
2020.02.17.20024018-p17-61%3.png,0,34
2020.02.17.20024018-p17-61%4.png,0,35
2020.02.19.20025023-p20-93%0.png,0,36
2020.02.19.20025023-p20-93%1.png,0,37
2020.02.19.20025023-p20-93%2.png,0,38
2020.02.19.20025023-p20-93%3.png,0,39
2020.02.22.20024927-p18-66%0.png,0,40
2020.02.22.20024927-p18-66%1.png,0,41
2020.02.22.20024927-p18-66%2.png,0,42
2020.02.22.20024927-p19-68%0.png,0,43
2020.02.22.20024927-p19-68%1.png,0,44
2020.02.22.20024927-p19-68%2.png,0,45
2020.02.22.20024927-p19-68%3.png,0,46
2020.02.22.20024927-p19-68%4.png,0,47
2020.02.22.20024927-p19-68%5.png,0,48
2020.02.22.20024927-p20-70%0.png,0,49
2020.02.22.20024927-p20-70%1.png,0,50
2020.02.22.20024927-p20-70%2.png,0,51
2020.02.22.20024927-p20-70%3.png,0,52
2020.02.23.20026856-p17-115%0.png,0,53
2020.02.23.20026856-p17-115%1.png,0,54
2020.02.23.20026856-p17-115%2.png,0,55
2020.02.23.20026856-p17-115%3.png,0,56
2020.02.23.20026856-p17-115%4.png,0,57
2020.02.23.20026856-p17-115%5.png,0,58
2020.02.24.20027052-p8-73%0.png,0,59
2020.02.24.20027052-p8-73%1.png,0,60
2020.02.24.20027052-p8-73%2.png,0,61
2020.02.24.20027052-p8-73%3.png,0,62
2020.02.24.20027201-p19-669.png,0,63
2020.02.24.20027201-p19-670.png,0,64
2020.02.25.20021568-p23-108%0.png,0,65
2020.02.25.20021568-p23-108%1.png,0,66
2020.02.25.20021568-p23-108%10.png,0,67
2020.02.25.20021568-p23-108%11.png,0,68
2020.02.25.20021568-p23-108%12.png,0,69
2020.02.25.20021568-p23-108%13.png,0,70
2020.02.25.20021568-p23-108%14.png,0,71
2020.02.25.20021568-p23-108%15.png,0,72
2020.02.25.20021568-p23-108%2.png,0,73
2020.02.25.20021568-p23-108%3.png,0,74
2020.02.25.20021568-p23-108%4.png,0,75
2020.02.25.20021568-p23-108%5.png,0,76
2020.02.25.20021568-p23-108%6.png,0,77
2020.02.25.20021568-p23-108%7.png,0,78
2020.02.25.20021568-p23-108%8.png,0,79
2020.02.25.20021568-p23-108%9.png,0,80
2020.02.25.20021568-p24-111%0.png,0,81
2020.02.25.20021568-p24-111%1.png,0,82
2020.02.25.20021568-p24-111%2.png,0,83
2020.02.25.20021568-p24-111%3.png,0,84
2020.02.25.20021568-p24-111%4.png,0,85
2020.02.25.20021568-p24-111%5.png,0,86
2020.02.25.20021568-p24-111%6.png,0,87
2020.02.25.20021568-p24-111%7.png,0,88
2020.02.25.20021568-p24-111%8.png,0,89
2020.02.25.20021568-p24-111%9.png,0,90
2020.02.25.20027763-p15-53%0.png,0,91
2020.02.25.20027763-p15-53%1.png,0,92
2020.02.26.20026989-p34-114_1%0.png,0,93
2020.02.26.20026989-p34-114_1%1.png,0,94
2020.02.26.20026989-p34-114_2%0.png,0,95
2020.02.26.20026989-p34-114_2%1.png,0,96
2020.02.26.20027938-p6-80_1%0.png,0,97
2020.02.26.20027938-p6-80_1%1.png,0,98
2020.02.26.20027938-p6-80_2%0.png,0,99
2020.02.26.20027938-p6-80_2%1.png,0,100
2020.02.26.20027938-p6-80_3%0.png,0,101
2020.02.26.20027938-p6-80_3%1.png,0,102
2020.02.27.20027557-p25-137%0.png,0,103
2020.02.27.20027557-p25-137%1.png,0,104
2020.02.27.20027557-p25-137%2.png,0,105
2020.02.27.20027557-p25-137%3.png,0,106
2020.02.27.20027557-p25-137%4.png,0,107
2020.02.28.20029025-p23-182.png,0,108
2020.02.28.20029025-p23-183.png,0,109
2020.03.01.20029769-p21-73_1%0.png,0,110
2020.03.01.20029769-p21-73_1%1.png,0,111
2020.03.01.20029769-p21-73_1%2.png,0,112
2020.03.01.20029769-p21-73_2%0.png,0,113
2020.03.01.20029769-p21-73_2%1.png,0,114
2020.03.01.20029769-p21-73_2%2.png,0,115
2020.03.01.20029769-p21-73_3.png,0,116
2020.03.01.20029769-p21-73_4.png,0,117
2020.03.03.20030353-p17-106%0.png,0,118
2020.03.03.20030353-p17-106%1.png,0,119
2020.03.03.20030353-p17-106%2.png,0,120
2020.03.03.20030775-p10-88%0.png,0,121
2020.03.03.20030775-p10-88%1.png,0,122
2020.03.03.20030775-p11-91.png,0,123
2020.03.03.20030775-p12-93%0.png,0,124
2020.03.03.20030775-p12-93%1.png,0,125
2020.03.04.20026005-p12-1946%0.png,0,126
2020.03.04.20026005-p12-1946%1.png,0,127
2020.03.04.20026005-p12-1946%2.png,0,128
2020.03.04.20026005-p12-1946%3.png,0,129
2020.03.04.20026005-p12-1946%4.png,0,130
2020.03.04.20026005-p12-1946%5.png,0,131
2020.03.04.20030395-p27-108%0.png,0,132
2020.03.04.20030395-p27-108%1.png,0,133
2020.03.04.20030395-p27-108%2.png,0,134
2020.03.04.20030395-p27-108%3.png,0,135
2020.03.04.20030395-p27-108%4.png,0,136
2020.03.04.20030395-p27-108%5.png,0,137
2020.03.04.20030395-p27-108%6.png,0,138
2020.03.04.20030395-p27-108%7.png,0,139
2020.03.04.20030395-p27-108%8.png,0,140
2020.03.04.20031039-p23-97_1%0.png,0,141
2020.03.04.20031039-p23-97_1%1.png,0,142
2020.03.04.20031039-p23-97_1%2.png,0,143
2020.03.04.20031039-p23-97_2%0.png,0,144
2020.03.04.20031039-p23-97_2%1.png,0,145
2020.03.04.20031039-p23-97_2%2.png,0,146
2020.03.04.20031047-p12-81%0.png,0,147
2020.03.04.20031047-p12-81%1.png,0,148
2020.03.04.20031047-p12-81%2.png,0,149
2020.03.04.20031047-p12-81%3.png,0,150
2020.03.04.20031047-p13-84%0.png,0,151
2020.03.04.20031047-p13-84%1.png,0,152
2020.03.04.20031047-p13-84%2.png,0,153
2020.03.04.20031047-p13-84%3.png,0,154
2020.03.04.20031047-p13-84%4.png,0,155
2020.03.04.20031047-p13-84%5.png,0,156
2020.03.04.20031047-p14-87%0.png,0,157
2020.03.04.20031047-p14-87%1.png,0,158
2020.03.07.20031393-p7-50%0.png,0,159
2020.03.07.20031393-p7-50%1.png,0,160
2020.03.07.20031393-p7-50%2.png,0,161
2020.03.07.20031393-p7-50%3.png,0,162
2020.03.08.20031658-p15-103.png,0,163
2020.03.08.20031658-p15-104.png,0,164
2020.03.08.20031658-p15-105.png,0,165
2020.03.08.20031658-p15-106.png,0,166
2020.03.09.20033118-p20-93%0.png,0,167
2020.03.09.20033118-p20-93%1.png,0,168
2020.03.09.20033118-p20-93%2.png,0,169
2020.03.09.20033118-p20-93%3.png,0,170
2020.03.10.20032136-p34-118_1%0.png,0,171
2020.03.10.20032136-p34-118_1%1.png,0,172
2020.03.10.20032136-p34-118_2%0.png,0,173
2020.03.10.20032136-p34-118_2%1.png,0,174
2020.03.11.20033159-p12-45%0.png,0,175
2020.03.11.20033159-p12-45%1.png,0,176
2020.03.11.20033159-p12-45%2.png,0,177
2020.03.11.20033159-p12-45%3.png,0,178
2020.03.11.20033159-p12-45%4.png,0,179
2020.03.11.20033159-p12-45%5.png,0,180
2020.03.12.20027185-p8-216.png,0,181
2020.03.12.20027185-p8-217.png,0,182
2020.03.12.20027185-p8-218.png,0,183
2020.03.12.20027185-p8-221.png,0,184
2020.03.12.20034686-p17-91-3.png,0,185
2020.03.12.20034686-p17-91-4.png,0,186
2020.03.12.20034686-p17-91-5.png,0,187
2020.03.12.20034686-p17-91-6.png,0,188
2020.03.13.20035212-p23-152.png,0,189
2020.03.13.20035212-p23-153.png,0,190
2020.03.13.20035212-p23-154.png,0,191
14.png,1,192
15.png,1,193
33.png,1,194
43.png,1,195
44.png,1,196
59.png,1,197
81.png,1,198
82.png,1,199
102.png,1,200
103.png,1,201
104.png,1,202
114.png,1,203
115.png,1,204
116.png,1,205
117.png,1,206
118.png,1,207
120.png,1,208
158.png,1,209
171.png,1,210
174.png,1,211
226.png,1,212
227.png,1,213
294.png,1,214
354.png,1,215
361.png,1,216
378.png,1,217
381.png,1,218
382.png,1,219
383.png,1,220
385.png,1,221
575.png,1,222
576.png,1,223
577.png,1,224
578.png,1,225
579.png,1,226
580.png,1,227
585.png,1,228
586.png,1,229
587.png,1,230
672.png,1,231
673.png,1,232
704.png,1,233
705.png,1,234
706.png,1,235
781.png,1,236
782.png,1,237
921.png,1,238
956.png,1,239
957.png,1,240
1029.png,1,241
1030.png,1,242
1058.png,1,243
1059.png,1,244
1060.png,1,245
1061.png,1,246
1062.png,1,247
1065.png,1,248
1093.png,1,249
1094.png,1,250
1099.png,1,251
1100.png,1,252
1101.png,1,253
1115.png,1,254
1123.png,1,255
1124.png,1,256
1221.png,1,257
1239.png,1,258
1240.png,1,259
1277.png,1,260
1305.png,1,261
1306.png,1,262
1307.png,1,263
1308.png,1,264
1309.png,1,265
1310.png,1,266
1312.png,1,267
1313.png,1,268
1328.png,1,269
1330.png,1,270
1331.png,1,271
1332.png,1,272
1333.png,1,273
1335.png,1,274
1336.png,1,275
1463.png,1,276
1561.png,1,277
1562.png,1,278
1575.png,1,279
1576.png,1,280
1577.png,1,281
1638.png,1,282
1702.png,1,283
1845.png,1,284
1846.png,1,285
1868.png,1,286
1888.png,1,287
1889.png,1,288
1920.png,1,289
1921.png,1,290
1922.png,1,291
1923.png,1,292
1924.png,1,293
1952.png,1,294
2007.png,1,295
2039.png,1,296
2040.png,1,297
2041.png,1,298
2138.png,1,299
2139.png,1,300
2140.png,1,301
2141.png,1,302
2142.png,1,303
2143.png,1,304
2144.png,1,305
2145.png,1,306
34.jpg,1,307
35%0.jpg,1,308
35%1.jpg,1,309
35%2.jpg,1,310
36%0.jpg,1,311
36%1.jpg,1,312
37%0.jpg,1,313
37%1.jpg,1,314
37%2.jpg,1,315
37%3.jpg,1,316
37%4.jpg,1,317
38%0.jpg,1,318
38%1.jpg,1,319
38%2.jpg,1,320
39%0.jpg,1,321
39%1.jpg,1,322
39%2.jpg,1,323
39%3.jpg,1,324
39%4.jpg,1,325
39%5.jpg,1,326
39%6.jpg,1,327
39%7.jpg,1,328
39%8.jpg,1,329
40%0.jpg,1,330
40%1.jpg,1,331
41.jpg,1,332
42.jpg,1,333
43%1.jpg,1,334
43%2.jpg,1,335
43%3.jpg,1,336
44%0.jpg,1,337
44%1.jpg,1,338
45.jpg,1,339
46.jpg,1,340
47.jpg,1,341
48.jpg,1,342
49%0.jpg,1,343
49%1.jpg,1,344
50.jpg,1,345
51%0.jpg,1,346
51%1.jpg,1,347
51%2.jpg,1,348
51%3.jpg,1,349
52%0.jpg,1,350
52%1.jpg,1,351
53.jpg,1,352
54%0.jpg,1,353
54%1.jpg,1,354
54%2.jpg,1,355
54%3.jpg,1,356
56%0.jpg,1,357
56%1.jpg,1,358
57%0.jpg,1,359
59%0.jpg,1,360
60.jpg,1,361
62.jpg,1,362
63%0.jpg,1,363
63%1.jpg,1,364
63%2.jpg,1,365
63%3.jpg,1,366
63%4.jpg,1,367
63%5.jpg,1,368
63%6.jpg,1,369
63%7.jpg,1,370
64.jpg,1,371
65%0.jpg,1,372
65%1.jpg,1,373
65%2.jpg,1,374
65%3.jpg,1,375
65%4.jpg,1,376
66.jpg,1,377
67%0.jpg,1,378
67%1.jpg,1,379
67%2.jpg,1,380
68.jpg,1,381
69%0.jpg,1,382
69%1.jpg,1,383
70%0.jpg,1,384
70%1.jpg,1,385
71%0.jpg,1,386
71%1.jpg,1,387
72.jpg,1,388
73.jpg,1,389
74.jpg,1,390
75%0.jpg,1,391
75%1.jpg,1,392
76%0.jpg,1,393
76%1.jpg,1,394
76%2.jpg,1,395
77.jpg,1,396
78.jpg,1,397
79.jpg,1,398
80%0.jpg,1,399
80%1.jpg,1,400
81%0.jpg,1,401
81%1.jpg,1,402
81%2.jpg,1,403
81%3.jpg,1,404
82%0.jpg,1,405
82%1.jpg,1,406
82%2.jpg,1,407
82%3.jpg,1,408
83%0.jpg,1,409
83%1.jpg,1,410
83%2.jpg,1,411
83%3.jpg,1,412
84%0.jpg,1,413
84%1.jpg,1,414
84%2.jpg,1,415
84%3.jpg,1,416
85%0.jpg,1,417
85%1.jpg,1,418
86.jpg,1,419
88.jpg,1,420
89%2.jpg,1,421
89%3.jpg,1,422
90.jpg,1,423
91%0.jpg,1,424
91%1.jpg,1,425
